Algorithm,AverageResult,BestResult,AverageTime,StandardDeviation,Efficiency,AverageStepNumber,AverageVisitSolutionNumber
GreedyLocalSearchAlgorithm  ,292.3        ,171       ,98.0       ,70.53091520744644 ,2.982653  ,1111.6           ,8809435.0
SteepestLocalSearchAlgorithm,374.2        ,275       ,72.57143   ,56.41595518999922 ,5.1562996 ,243.5            ,6161400.0
RandomAlgorithm             ,36587.0      ,35085     ,0.024365988,1245.1681814116516,1501560.4 ,0.0              ,0.0
HeuristicsAlgorithm         ,1302.8       ,983       ,0.26539278 ,165.5891300780338 ,4908.9507 ,0.0              ,0.0
