Algorithm,AverageResult,BestResult,AverageTime,StandardDeviation,Efficiency,AverageStepNumber,AverageVisitSolutionNumber
GreedyLocalSearchAlgorithm,504.2,333,0.20622809,129.81355861388286,2444.8657,151.2,64803.6
SteepestLocalSearchAlgorithm,620.1,331,0.2349624,196.80114328936202,2639.1455,43.8,59404.8
RandomAlgorithm,22742.2,20469,0.002624672,1635.4423744051637,8664778.0,0.0,0.0
HeuristicsAlgorithm,1755.7,664,0.005632914,485.46308819517884,311685.9,0.0,0.0
