Algorithm,AverageResult,BestResult,AverageTime,StandardDeviation,Efficiency,AverageStepNumber,AverageVisitSolutionNumber
GreedyLocalSearchAlgorithm,5556.2,1578,0.80128205,2672.7955701848955,6934.1377,258.1,196084.2
SteepestLocalSearchAlgorithm,5744.9,3364,0.82712984,2156.294481280328,6945.584,73.0,210900.0
RandomAlgorithm,464999.2,389323,0.0036073604,34376.329064634,1.28902888E8,0.0,0.0
HeuristicsAlgorithm,39422.0,27081,0.0115928585,6398.900936879708,3400541.8,0.0,0.0
