Algorithm,AverageResult,BestResult,AverageTime,StandardDeviation,Efficiency,AverageStepNumber,AverageVisitSolutionNumber
GreedyLocalSearchAlgorithm  ,1385.5       ,127       ,5.6497173  ,1005.1366325032632,245.2335   ,391.4            ,592348.2
SteepestLocalSearchAlgorithm,1482.5       ,963       ,5.1968913  ,511.45816055665784,285.2667   ,105.0            ,524700.0
RandomAlgorithm             ,149070.1     ,134090    ,0.012024048,8688.322858296646 ,1.2397663E7,0.0              ,0.0
HeuristicsAlgorithm         ,5664.5       ,5006      ,0.06097561 ,689.7217192462479 ,92897.8    ,0.0              ,0.0
