Algorithm,AverageResult,BestResult,AverageTime,StandardDeviation,Efficiency,AverageStepNumber,AverageVisitSolutionNumber
GreedyLocalSearchAlgorithm  ,438.0        ,162       ,12.5875    ,192.67433664087181,34.796425 ,546.0            ,1331709.4
SteepestLocalSearchAlgorithm,556.1        ,291       ,12.575     ,143.68677740140186,44.222664 ,139.1            ,1174738.5
RandomAlgorithm             ,39986.4      ,34765     ,0.015081206,2098.1464295896985,2651405.8 ,0.0              ,0.0
HeuristicsAlgorithm         ,1439.6       ,1082      ,0.11630612 ,317.9031928118999 ,12377.681 ,0.0              ,0.0
