Algorithm,AverageResult,BestResult,AverageTime,StandardDeviation,Efficiency,AverageStepNumber,AverageVisitSolutionNumber
GreedyLocalSearchAlgorithm,672.1,299,0.20024028,248.8929287866572,3356.4673,162.0,55957.0
SteepestLocalSearchAlgorithm,660.2,346,0.23623908,183.52754561645506,2794.6267,44.2,59935.2
RandomAlgorithm,21476.8,17775,1.004016,2031.3200043321585,21390.895,0.0,0.0
HeuristicAlgorithm,1809.2,664,0.006351868,470.76635393791685,284829.6,0.0,0.0
SimulatedAnnealingAlgorithm,0.0,0,316.6,0.0,0.0,3419247.2,7747155.0
TabuSearchAlgorithm,4018.1,2630,2.1388888,952.968147421518,1878.5923,309.8,19812.0
