Algorithm,AverageResult,BestResult,AverageTime,StandardDeviation,Efficiency,AverageStepNumber,AverageVisitSolutionNumber
GreedyLocalSearchAlgorithm,387.7,242,28.63889,103.37606105864162,13.537537,1115.7,7529682.5
SteepestLocalSearchAlgorithm,365.9,219,22.977272,71.53104221245486,15.924432,245.9,6221880.0
RandomAlgorithm,37075.4,35570,0.010644073,782.6708375811634,3483196.8,0.0,0.0
HeuristicsAlgorithm,1339.3,989,0.1167406,249.92880986392905,11472.444,0.0,0.0
