Algorithm,AverageResult,BestResult,AverageTime,StandardDeviation,Efficiency
GreedyLocalSearchAlgorithm,547.6,218,0.5927896,188.20106269625578,923.7679
SteepestLocalSearchAlgorithm,516.5,0,0.69486827,227.83382101874165,743.30634
RandomAlgorithm,22786.0,19914,0.0052921535,1170.0563234306287,4305619.5
HeuristicsAlgorithm,2115.4,1614,0.019919923,307.1251210825972,106195.19
