Algorithm,AverageResult,BestResult,AverageTime,StandardDeviation,Efficiency,AverageStepNumber,AverageVisitSolutionNumber
GreedyLocalSearchAlgorithm,4234.8,3232,262.1,619.6873082450535,16.15719,2565.8,6.9178376E7
SteepestLocalSearchAlgorithm,5287.3,4245,204.1,773.3962826391138,25.905437,510.9,4.9890284E7
RandomAlgorithm,721928.8,701271,0.020882059,13453.289068476897,3.4571724E7,0.0,0.0
HeuristicsAlgorithm,12502.8,9824,0.529661,1517.1834958237584,23605.287,0.0,0.0
