Algorithm,AverageResult,BestResult,AverageTime,StandardDeviation,Efficiency,AverageStepNumber,AverageVisitSolutionNumber
GreedyLocalSearchAlgorithm,572.5,258,7.352941,152.2900193709358,77.86,664.0,1941556.4
SteepestLocalSearchAlgorithm,592.5,287,6.26875,227.0190520639182,94.51645,159.1,1789117.6
RandomAlgorithm,47501.7,44447,0.007162041,1330.2945576074496,6632425.0,0.0,0.0
HeuristicsAlgorithm,1021.7,612,0.05272593,234.32074171954983,19377.562,0.0,0.0
