Algorithm,AverageResult,BestResult,AverageTime,StandardDeviation,Efficiency,AverageStepNumber,AverageVisitSolutionNumber
GreedyLocalSearchAlgorithm,5362.4,2769,0.74460167,1848.1883670232316,7201.7026,269.6,222260.9
SteepestLocalSearchAlgorithm,5363.7,2959,0.7770008,2122.518883308226,6903.082,74.2,214320.0
RandomAlgorithm,449964.6,413875,1.0,28086.968555541913,449964.6,0.0,0.0
HeuristicAlgorithm,39898.2,25736,0.012129446,5992.7160753701655,3289367.0,0.0,0.0
SimulatedAnnealingAlgorithm,448.8,0,658.3,502.72672497093293,0.681756,7210025.0,1.6043506E7
TabuSearchAlgorithm,97857.1,79160,4.0731707,9135.616809498963,24024.797,325.2,30555.8
