Algorithm,AverageResult,BestResult,AverageTime,StandardDeviation,Efficiency,AverageStepNumber,AverageVisitSolutionNumber
GreedyLocalSearchAlgorithm,616.4,233,0.5854801,279.45704499976375,1052.8113,158.2,63239.4
SteepestLocalSearchAlgorithm,632.4,240,0.6738545,251.96396567763415,938.4816,220.1,65902.2
RandomAlgorithm,21420.4,18816,0.005471058,1703.9871595760337,3915220.8,0.0,0.0
HeuristicsAlgorithm,1766.1,1322,0.019841664,311.1264855328135,89009.67,0.0,0.0
