Algorithm,AverageResult,BestResult,AverageTime,StandardDeviation,Efficiency,AverageStepNumber,AverageVisitSolutionNumber
GreedyLocalSearchAlgorithm,226.4,129,60.705883,60.203322167468464,3.7294571,1418.9,1.5282802E7
SteepestLocalSearchAlgorithm,300.5,206,64.75,45.2642242836437,4.640927,308.3,1.2081258E7
RandomAlgorithm,31375.5,30162,65.0,674.6907810249078,482.7,0.0,0.0
HeuristicAlgorithm,582.2,429,0.18580453,91.70801491690898,3133.4004,0.0,0.0
SimulatedAnnealingAlgorithm,29.6,4,13173.2,22.64155471693585,0.0022469864,9.7430944E7,2.05307168E8
TabuSearchAlgorithm,4550.8,4184,64.25,236.88807483704198,70.82957,1007.0,351288.0
