Algorithm,AverageResult,BestResult,AverageTime,StandardDeviation,Efficiency,AverageStepNumber,AverageVisitSolutionNumber
GreedyLocalSearchAlgorithm,239.2,151,64.5625,68.99681152053333,3.704937,1346.4,1.7220594E7
SteepestLocalSearchAlgorithm,303.4,258,52.842106,20.640736420971034,5.7416334,306.9,1.2026574E7
RandomAlgorithm,31089.3,30289,0.016531028,756.1543559353474,1880663.5,0.0,0.0
HeuristicsAlgorithm,626.7,457,0.18261504,98.45105382879352,3431.8093,0.0,0.0
