Algorithm,AverageResult,BestResult,AverageTime,StandardDeviation,Efficiency,AverageStepNumber,AverageVisitSolutionNumber
GreedyLocalSearchAlgorithm  ,4162.8       ,3226      ,556.3      ,633.5900567401607 ,7.4830127  ,2526.0           ,6.3317992E7
SteepestLocalSearchAlgorithm,5368.1       ,3796      ,517.5      ,803.4335629036168 ,10.37314   ,508.2            ,4.9627144E7
RandomAlgorithm             ,714966.2     ,698723    ,0.047219396,14790.743117233833,1.5141367E7,0.0              ,0.0
HeuristicsAlgorithm         ,11274.9      ,9030      ,1.0559071  ,1023.665614348748 ,10677.928  ,0.0              ,0.0
