Algorithm,AverageResult,BestResult,AverageTime,StandardDeviation,Efficiency,AverageStepNumber,AverageVisitSolutionNumber
GreedyLocalSearchAlgorithm,1388.5,159,2.1321962,774.495093593239,651.2065,380.1,608543.3
SteepestLocalSearchAlgorithm,1410.1,735,1.8780488,670.7123750162957,750.83246,104.0,519750.0
RandomAlgorithm,154191.4,147369,0.0052083335,5302.913599145285,2.960475E7,0.0,0.0
HeuristicsAlgorithm,5737.9,5027,0.022406954,533.2097992347854,256076.75,0.0,0.0
