Algorithm,AverageResult,BestResult,AverageTime,StandardDeviation,Efficiency,AverageStepNumber,AverageVisitSolutionNumber
GreedyLocalSearchAlgorithm,285.9,178,30.088236,42.46516219208399,9.502052,1133.1,9020940.0
SteepestLocalSearchAlgorithm,365.8,278,21.659575,65.33115642631776,16.888605,237.7,6015240.0
RandomAlgorithm,37395.7,35817,0.009782266,813.0578146724868,3822805.5,0.0,0.0
HeuristicsAlgorithm,1248.1,961,0.1121705,214.1141985016407,11126.811,0.0,0.0
