Algorithm,AverageResult,BestResult,AverageTime,StandardDeviation,Efficiency,AverageStepNumber,AverageVisitSolutionNumber
GreedyLocalSearchAlgorithm,1339.9,314,6.4102564,539.7079673304814,209.0244,404.3,684117.7
SteepestLocalSearchAlgorithm,1643.5,597,6.0240965,588.2484594114973,272.82098,602.0,530145.0
RandomAlgorithm,150335.3,134878,0.020838108,11380.20505131608,7214441.0,0.0,0.0
HeuristicsAlgorithm,6179.3,4445,0.07508635,1472.0681404065506,82295.914,0.0,0.0
