Algorithm,AverageResult,BestResult,AverageTime,StandardDeviation,Efficiency,AverageStepNumber,AverageVisitSolutionNumber
GreedyLocalSearchAlgorithm,308.5,223,26.842106,67.24916356357156,11.493137,1089.0,7624705.5
SteepestLocalSearchAlgorithm,331.5,239,21.76087,52.62936442709526,15.233766,244.8,6194160.0
RandomAlgorithm,37720.4,35063,27.0,1800.5822502735055,1397.0518,0.0,0.0
HeuristicAlgorithm,1311.0,1023,0.1166725,204.52579299442894,11236.581,0.0,0.0
SimulatedAnnealingAlgorithm,67.1,39,7576.0,20.61771083316477,0.008856917,6.3985416E7,1.3576248E8
TabuSearchAlgorithm,6059.5,5293,33.466667,522.6270658892438,181.06076,716.3,201062.4
