Algorithm,AverageResult,BestResult,AverageTime,StandardDeviation,Efficiency,AverageStepNumber,AverageVisitSolutionNumber
GreedyLocalSearchAlgorithm,690.3,399,0.6097561,195.96685944312117,1132.0919,157.3,56429.8
SteepestLocalSearchAlgorithm,731.5,261,0.7621951,215.10520681750128,959.728,44.2,59935.2
RandomAlgorithm,22038.3,20415,0.0057522506,1211.3051679902962,3831248.5,0.0,0.0
HeuristicsAlgorithm,1864.8,664,0.02095821,628.245461583289,88977.07,0.0,0.0
