Algorithm,AverageResult,BestResult,AverageTime,StandardDeviation,Efficiency,AverageStepNumber,AverageVisitSolutionNumber
GreedyLocalSearchAlgorithm  ,488.4        ,233       ,0.63011974 ,178.90679137472677,775.09076 ,165.2            ,59341.3
SteepestLocalSearchAlgorithm,610.8        ,192       ,0.656168   ,214.97385887591076,930.8592  ,45.7             ,61924.2
RandomAlgorithm             ,22545.6      ,21222     ,0.005524862,984.8200038585733 ,4080753.2 ,0.0              ,0.0
HeuristicsAlgorithm         ,1880.7       ,664       ,0.029544717,592.5484030861951 ,63656.05  ,0.0              ,0.0
