Algorithm,AverageResult,BestResult,AverageTime,StandardDeviation,Efficiency,AverageStepNumber,AverageVisitSolutionNumber
GreedyLocalSearchAlgorithm  ,4124.1       ,1469      ,2.2675736  ,1663.6843120015287,1818.7283  ,262.6            ,210905.6
SteepestLocalSearchAlgorithm,6798.5       ,1779      ,2.4655173  ,3441.074606863385 ,2757.4336  ,71.3             ,206055.0
RandomAlgorithm             ,471104.2     ,433114    ,0.011952192,18402.41587292277 ,3.9415716E7,0.0              ,0.0
HeuristicsAlgorithm         ,42116.1      ,32315     ,0.038777728,4603.417349100558 ,1086090.0  ,0.0              ,0.0
