Algorithm,AverageResult,BestResult,AverageTime,StandardDeviation,Efficiency,AverageStepNumber,AverageVisitSolutionNumber
GreedyLocalSearchAlgorithm,5586.3,1227,0.79176563,2918.8792729402153,7055.4966,261.1,193746.5
SteepestLocalSearchAlgorithm,4381.6,192,0.7861635,1680.5084468695777,5573.3955,74.8,216030.0
RandomAlgorithm,466598.1,439732,0.004830918,18816.150963733257,9.6585808E7,0.0,0.0
HeuristicsAlgorithm,41765.0,35653,0.011153494,2819.5938005322682,3744566.5,0.0,0.0
