Algorithm,AverageResult,BestResult,AverageTime,StandardDeviation,Efficiency,AverageStepNumber,AverageVisitSolutionNumber
GreedyLocalSearchAlgorithm,385.2,263,4.691589,100.60397606456715,82.104385,558.4,1378745.8
SteepestLocalSearchAlgorithm,419.6,295,4.1193414,144.28319375450488,101.86095,134.2,1133652.0
RandomAlgorithm,40211.1,38020,0.005760369,1360.6495103442326,6980647.0,0.0,0.0
HeuristicsAlgorithm,1492.4,1197,0.038124286,272.61041799608466,39145.652,0.0,0.0
