Algorithm,AverageResult,BestResult,AverageTime,StandardDeviation,Efficiency,AverageStepNumber,AverageVisitSolutionNumber
GreedyLocalSearchAlgorithm,4722.9,3850,287.7,547.9396773368397,16.416058,2521.8,6.7057996E7
SteepestLocalSearchAlgorithm,5221.8,4152,193.4,706.8995402459956,27.0,509.3,4.9734348E7
RandomAlgorithm,727952.6,697374,0.019252624,19347.3753372389,3.7810568E7,0.0,0.0
HeuristicsAlgorithm,11723.9,10784,0.49975014,713.835898508894,23459.523,0.0,0.0
