Algorithm,AverageResult,BestResult,AverageTime,StandardDeviation,Efficiency,AverageStepNumber,AverageVisitSolutionNumber
GreedyLocalSearchAlgorithm,393.6,277,4.529412,90.97274317068822,86.898705,555.1,1448876.1
SteepestLocalSearchAlgorithm,509.1,282,4.157676,155.6132706423202,122.44821,135.9,1147906.5
RandomAlgorithm,39895.5,38454,5.005,872.367038579519,7971.129,0.0,0.0
HeuristicAlgorithm,1803.8,1271,0.04256406,479.4861416141243,42378.477,0.0,0.0
SimulatedAnnealingAlgorithm,48.6,0,2199.3,32.6318862464308,0.02209794,2.0871254E7,4.81299E7
TabuSearchAlgorithm,8381.4,6827,10.978261,1084.7928097106837,763.4543,466.9,75348.0
