Algorithm,AverageResult,BestResult,AverageTime,StandardDeviation,Efficiency,AverageStepNumber,AverageVisitSolutionNumber
GreedyLocalSearchAlgorithm,428.9,224,4.960396,123.07026448334301,86.464874,541.9,1403430.6
SteepestLocalSearchAlgorithm,542.2,318,4.366812,155.59164501990458,124.1638,135.3,1142875.5
RandomAlgorithm,40402.5,37498,0.006000816,1575.403900591845,6732834.5,0.0,0.0
HeuristicsAlgorithm,1457.5,1165,0.042509776,269.84560400347453,34286.23,0.0,0.0
