Algorithm,AverageResult,BestResult,AverageTime,StandardDeviation,Efficiency,AverageStepNumber,AverageVisitSolutionNumber
GreedyLocalSearchAlgorithm  ,437.8        ,224       ,19.423077  ,149.5959892510491 ,22.540197 ,643.0            ,2205008.5
SteepestLocalSearchAlgorithm,680.7        ,464       ,16.966103  ,137.83617086962334,40.121178 ,156.7            ,1762297.6
RandomAlgorithm             ,47144.2      ,43677     ,0.015163003,1709.3921609741867,3109160.0 ,0.0              ,0.0
HeuristicsAlgorithm         ,1272.3       ,732       ,0.1257229  ,353.2118486121325 ,10119.875 ,0.0              ,0.0
