Algorithm,AverageResult,BestResult,AverageTime,StandardDeviation,Efficiency,AverageStepNumber,AverageVisitSolutionNumber
GreedyLocalSearchAlgorithm,656.9,330,0.60642815,156.51929593503797,1083.2281,169.5,55201.4
SteepestLocalSearchAlgorithm,497.7,135,0.69589424,189.7229822662505,715.1949,201.8,63117.6
RandomAlgorithm,22425.1,20186,0.0055839405,1235.385725188696,4015999.0,0.0,0.0
HeuristicsAlgorithm,1677.3,664,0.02086855,444.3602254927864,80374.54,0.0,0.0
