Algorithm,AverageResult,BestResult,AverageTime,StandardDeviation,Efficiency,AverageStepNumber,AverageVisitSolutionNumber
GreedyLocalSearchAlgorithm,4283.5,3539,271.1,360.94798794286135,15.800443,2505.9,6.9019792E7
SteepestLocalSearchAlgorithm,5856.6,4684,202.4,533.7439835726489,28.935772,503.5,4.9169076E7
RandomAlgorithm,721799.0,705171,272.0,10065.226932364714,2653.6729,0.0,0.0
HeuristicAlgorithm,12055.5,9347,0.529661,1598.8235831385525,22760.785,0.0,0.0
SimulatedAnnealingAlgorithm,642.7,395,43540.1,140.6229355404018,0.014761105,2.41169584E8,5.794057E8
TabuSearchAlgorithm,92199.1,85293,180.2,4815.128730366407,511.64874,1457.4,803688.6
